"Feature","Description"
"Automatic Code Analysis","Parses code to understand structure and dependencies"
"Context-Aware Documentation","Generates relevant, readable documentation"
"Real-Time Updates","Syncs documentation with code changes"
"Dependency Mapping","Visualizes module and function relationships"
"API Documentation","Creates Swagger/OpenAPI docs, Postman import"
"Test Suite Generation","Automatically generates test cases"
"UML Diagram Generation","Produces UML diagrams from code"
"Searchable Documentation","Advanced search within docs"
"Collaboration Tools","Team comments, suggestions, and edits"
"Centralized Management","Organizes docs in customizable spaces"
"Pull Request/Branch Docs","Docs for specific changes or branches"
"Natural Language Explanations","Plain language code explanations"
"Customizable Output Formats","HTML, PDF, Markdown, LaTeX"
"IDE Integration","Works with VS Code, IntelliJ, etc."
"Language Agnostic","Supports legacy and modern languages"
"Automated Refreshes","Keeps docs up-to-date automatically"
"Bug/Issue Identification","Flags potential bugs in documentation"
"Knowledge Sharing","Docs from Q&A or chat"
"User Management","Role-based access control"
"Free/Premium Tiers","Basic features free, advanced features paid"
"No Credit Card Required","Easy signup for basic use"
"Developer Community Support","Forums, FAQs, support"
"Analytics and Insights","Usage, quality, and engagement metrics"
"Automated Code Summaries","Executive summaries for codebases/modules"